item_id,download_link
goheung-0512,http://urisori.co.kr/sound/origin/jn/goheung/goheung-0512.mp3
yeongdong-0104,http://urisori.co.kr/sound/origin/cb/yeongdong/yeongdong-0104.mp3
hwacheon-0217,http://urisori.co.kr/sound/origin/gw/hwacheon/hwacheon-0217.mp3
gn.goseong-0107,http://urisori.co.kr/sound/origin/gn/gn.goseong/gn.goseong-0107.mp3
hampyeong-0402,http://urisori.co.kr/sound/origin/jn/hampyeong/hampyeong-0402.mp3
yeongam-0423,http://urisori.co.kr/sound/origin/jn/yeongam/yeongam-0423.mp3
icheon-0412,http://urisori.co.kr/sound/origin/gg/icheon/icheon-0412.mp3
jindo-0543,http://urisori.co.kr/sound/origin/jn/jindo/jindo-0543.mp3
cheolwon-0310,http://urisori.co.kr/sound/origin/gw/cheolwon/cheolwon-0310.mp3
namhae-0205,http://urisori.co.kr/sound/origin/gn/namhae/namhae-0205.mp3
nonsan-0106,http://urisori.co.kr/sound/origin/cn/nonsan/nonsan-0106.mp3
ulsan-0919,http://urisori.co.kr/sound/origin/gn/ulsan/ulsan-0919.mp3
gochang-0712,http://urisori.co.kr/sound/origin/jb/gochang/gochang-0712.mp3
yangyang-1208,http://urisori.co.kr/sound/origin/gw/yangyang/yangyang-1208.mp3
muju-0508,http://urisori.co.kr/sound/origin/jb/muju/muju-0508.mp3
yanggu-0929,http://urisori.co.kr/sound/origin/gw/yanggu/yanggu-0929.mp3
hwacheon-0208,http://urisori.co.kr/sound/origin/gw/hwacheon/hwacheon-0208.mp3
gangjin-0309,http://urisori.co.kr/sound/origin/jn/gangjin/gangjin-0309.mp3
dalseong-0119,http://urisori.co.kr/sound/origin/gb/dalseong/dalseong-0119.mp3
hampyeong-0404,http://urisori.co.kr/sound/origin/jn/hampyeong/hampyeong-0404.mp3
yeonggwang-0136,http://urisori.co.kr/sound/origin/jn/yeonggwang/yeonggwang-0136.mp3
hampyeong-0403,http://urisori.co.kr/sound/origin/jn/hampyeong/hampyeong-0403.mp3
gwangjusi-0235,http://urisori.co.kr/sound/origin/jn/gwangjusi/gwangjusi-0235.mp3
andong-0223,http://urisori.co.kr/sound/origin/gb/andong/andong-0223.mp3
haenam-0523,http://urisori.co.kr/sound/origin/jn/haenam/haenam-0523.mp3
namhae-0206,http://urisori.co.kr/sound/origin/gn/namhae/namhae-0206.mp3
mungyeong-0513,http://urisori.co.kr/sound/origin/gb/mungyeong/mungyeong-0513.mp3
yeonggwang-0225,http://urisori.co.kr/sound/origin/jn/yeonggwang/yeonggwang-0225.mp3
seosan-0204,http://urisori.co.kr/sound/origin/cn/seosan/seosan-0204.mp3
sinan-0721,http://urisori.co.kr/sound/origin/jn/sinan/sinan-0721.mp3
inje-0209,http://urisori.co.kr/sound/origin/gw/inje/inje-0209.mp3
yeonggwang-0411,http://urisori.co.kr/sound/origin/jn/yeonggwang/yeonggwang-0411.mp3
yeongcheon-0223,http://urisori.co.kr/sound/origin/gb/yeongcheon/yeongcheon-0223.mp3
muju-0713,http://urisori.co.kr/sound/origin/jb/muju/muju-0713.mp3
damyang-0417,http://urisori.co.kr/sound/origin/jn/damyang/damyang-0417.mp3
hwacheon-0917,http://urisori.co.kr/sound/origin/gw/hwacheon/hwacheon-0917.mp3
dalseong-0308,http://urisori.co.kr/sound/origin/gb/dalseong/dalseong-0308.mp3
dalseong-0213,http://urisori.co.kr/sound/origin/gb/dalseong/dalseong-0213.mp3
eumseong-0512,http://urisori.co.kr/sound/origin/cb/eumseong/eumseong-0512.mp3
sancheong-0118,http://urisori.co.kr/sound/origin/gn/sancheong/sancheong-0118.mp3
gwangyang-0108,http://urisori.co.kr/sound/origin/jn/gwangyang/gwangyang-0108.mp3
chilgok-0403,http://urisori.co.kr/sound/origin/gb/chilgok/chilgok-0403.mp3
cheongsong-0228,http://urisori.co.kr/sound/origin/gb/cheongsong/cheongsong-0228.mp3
gyeongsan-0703,http://urisori.co.kr/sound/origin/gb/gyeongsan/gyeongsan-0703.mp3
yeocheon-0231,http://urisori.co.kr/sound/origin/jn/yeocheon/yeocheon-0231.mp3
hongcheon-1312,http://urisori.co.kr/sound/origin/gw/hongcheon/hongcheon-1312.mp3
wando-0233,http://urisori.co.kr/sound/origin/jn/wando/wando-0233.mp3
gimje-0508,http://urisori.co.kr/sound/origin/jb/gimje/gimje-0508.mp3
gyeongju-0210,http://urisori.co.kr/sound/origin/gb/gyeongju/gyeongju-0210.mp3
damyang-0419,http://urisori.co.kr/sound/origin/jn/damyang/damyang-0419.mp3
yeonggwang-0519,http://urisori.co.kr/sound/origin/jn/yeonggwang/yeonggwang-0519.mp3
gn.goseong-0602,http://urisori.co.kr/sound/origin/gn/gn.goseong/gn.goseong-0602.mp3
jinan-0605,http://urisori.co.kr/sound/origin/jb/jinan/jinan-0605.mp3
milyang-1008,http://urisori.co.kr/sound/origin/gn/milyang/milyang-1008.mp3
pyeongchang-1112,http://urisori.co.kr/sound/origin/gw/pyeongchang/pyeongchang-1112.mp3
goheung-0114,http://urisori.co.kr/sound/origin/jn/goheung/goheung-0114.mp3
wando-0520,http://urisori.co.kr/sound/origin/jn/wando/wando-0520.mp3
goesan-0120,http://urisori.co.kr/sound/origin/cb/goesan/goesan-0120.mp3
yangyang-2207,http://urisori.co.kr/sound/origin/gw/yangyang/yangyang-2207.mp3
jeongseon-1406,http://urisori.co.kr/sound/origin/gw/jeongseon/jeongseon-1406.mp3
namwon-0313,http://urisori.co.kr/sound/origin/jb/namwon/namwon-0313.mp3
yeongyang-0120,http://urisori.co.kr/sound/origin/gb/yeongyang/yeongyang-0120.mp3
geochang-0222,http://urisori.co.kr/sound/origin/gn/geochang/geochang-0222.mp3
sangju-1409,http://urisori.co.kr/sound/origin/gb/sangju/sangju-1409.mp3
seongju-0303,http://urisori.co.kr/sound/origin/gb/seongju/seongju-0303.mp3
gokseong-0106,http://urisori.co.kr/sound/origin/jn/gokseong/gokseong-0106.mp3
bonghwa-0204,http://urisori.co.kr/sound/origin/gb/bonghwa/bonghwa-0204.mp3
hwacheon-0216,http://urisori.co.kr/sound/origin/gw/hwacheon/hwacheon-0216.mp3
yeonggwang-0420,http://urisori.co.kr/sound/origin/jn/yeonggwang/yeonggwang-0420.mp3
yeongwol-0306,http://urisori.co.kr/sound/origin/gw/yeongwol/yeongwol-0306.mp3
ulreung-0223,http://urisori.co.kr/sound/origin/gb/ulreung/ulreung-0223.mp3
icheon-0410,http://urisori.co.kr/sound/origin/gg/icheon/icheon-0410.mp3
bonghwa-0707,http://urisori.co.kr/sound/origin/gb/bonghwa/bonghwa-0707.mp3
bonghwa-0720,http://urisori.co.kr/sound/origin/gb/bonghwa/bonghwa-0720.mp3
yeongil-0332,http://urisori.co.kr/sound/origin/gb/yeongil/yeongil-0332.mp3
jindo-0545,http://urisori.co.kr/sound/origin/jn/jindo/jindo-0545.mp3
cheolwon-0813,http://urisori.co.kr/sound/origin/gw/cheolwon/cheolwon-0813.mp3
muju-0441,http://urisori.co.kr/sound/origin/jb/muju/muju-0441.mp3
jeongseon-1316,http://urisori.co.kr/sound/origin/gw/jeongseon/jeongseon-1316.mp3
hampyeong-0439,http://urisori.co.kr/sound/origin/jn/hampyeong/hampyeong-0439.mp3
seongju-0336,http://urisori.co.kr/sound/origin/gb/seongju/seongju-0336.mp3
cheolwon-1212,http://urisori.co.kr/sound/origin/gw/cheolwon/cheolwon-1212.mp3
hampyeong-0428,http://urisori.co.kr/sound/origin/jn/hampyeong/hampyeong-0428.mp3
jangheung-0229,http://urisori.co.kr/sound/origin/jn/jangheung/jangheung-0229.mp3
goheung-0113,http://urisori.co.kr/sound/origin/jn/goheung/goheung-0113.mp3
eumseong-0528,http://urisori.co.kr/sound/origin/cb/eumseong/eumseong-0528.mp3
hampyeong-0602,http://urisori.co.kr/sound/origin/jn/hampyeong/hampyeong-0602.mp3
yecheon-0704,http://urisori.co.kr/sound/origin/gb/yecheon/yecheon-0704.mp3
imsil-0520,http://urisori.co.kr/sound/origin/jb/imsil/imsil-0520.mp3
sangju-0820,http://urisori.co.kr/sound/origin/gb/sangju/sangju-0820.mp3
yeongdeok-0333,http://urisori.co.kr/sound/origin/gb/yeongdeok/yeongdeok-0333.mp3
cheongsong-0521,http://urisori.co.kr/sound/origin/gb/cheongsong/cheongsong-0521.mp3
bonghwa-0706,http://urisori.co.kr/sound/origin/gb/bonghwa/bonghwa-0706.mp3
dalseong-0531,http://urisori.co.kr/sound/origin/gb/dalseong/dalseong-0531.mp3
seocheon-0202,http://urisori.co.kr/sound/origin/cn/seocheon/seocheon-0202.mp3
gimje-0518,http://urisori.co.kr/sound/origin/jb/gimje/gimje-0518.mp3
yanggu-0716,http://urisori.co.kr/sound/origin/gw/yanggu/yanggu-0716.mp3
seungju-0203,http://urisori.co.kr/sound/origin/jn/seungju/seungju-0203.mp3
wando-0523,http://urisori.co.kr/sound/origin/jn/wando/wando-0523.mp3
goheung-0408,http://urisori.co.kr/sound/origin/jn/goheung/goheung-0408.mp3
bonghwa-0614,http://urisori.co.kr/sound/origin/gb/bonghwa/bonghwa-0614.mp3
gochang-0525,http://urisori.co.kr/sound/origin/jb/gochang/gochang-0525.mp3
seongju-0629,http://urisori.co.kr/sound/origin/gb/seongju/seongju-0629.mp3
yeonggwang-0614,http://urisori.co.kr/sound/origin/jn/yeonggwang/yeonggwang-0614.mp3
gw.goseong-0516,http://urisori.co.kr/sound/origin/gw/gw.goseong/gw.goseong-0516.mp3
yangyang-0511,http://urisori.co.kr/sound/origin/gw/yangyang/yangyang-0511.mp3
geumreung-0135,http://urisori.co.kr/sound/origin/gb/geumreung/geumreung-0135.mp3
uljin-1002,http://urisori.co.kr/sound/origin/gb/uljin/uljin-1002.mp3
naju-0219,http://urisori.co.kr/sound/origin/jn/naju/naju-0219.mp3
buan-0615,http://urisori.co.kr/sound/origin/jb/buan/buan-0615.mp3
geumsan-0806,http://urisori.co.kr/sound/origin/cn/geumsan/geumsan-0806.mp3
muan-0704,http://urisori.co.kr/sound/origin/jn/muan/muan-0704.mp3
hampyeong-0408,http://urisori.co.kr/sound/origin/jn/hampyeong/hampyeong-0408.mp3
hoengseong-0425,http://urisori.co.kr/sound/origin/gw/hoengseong/hoengseong-0425.mp3
jindo-0523,http://urisori.co.kr/sound/origin/jn/jindo/jindo-0523.mp3
bonghwa-0403,http://urisori.co.kr/sound/origin/gb/bonghwa/bonghwa-0403.mp3
pyeongchang-0806,http://urisori.co.kr/sound/origin/gw/pyeongchang/pyeongchang-0806.mp3
yeongdeok-0208,http://urisori.co.kr/sound/origin/gb/yeongdeok/yeongdeok-0208.mp3
sinan-1013,http://urisori.co.kr/sound/origin/jn/sinan/sinan-1013.mp3
sinan-0314,http://urisori.co.kr/sound/origin/jn/sinan/sinan-0314.mp3
yeongdeok-0207,http://urisori.co.kr/sound/origin/gb/yeongdeok/yeongdeok-0207.mp3
samcheok-1207,http://urisori.co.kr/sound/origin/gw/samcheok/samcheok-1207.mp3
yecheon-0422,http://urisori.co.kr/sound/origin/gb/yecheon/yecheon-0422.mp3
gangjin-0601,http://urisori.co.kr/sound/origin/jn/gangjin/gangjin-0601.mp3
sinan-0427,http://urisori.co.kr/sound/origin/jn/sinan/sinan-0427.mp3
seungju-0304,http://urisori.co.kr/sound/origin/jn/seungju/seungju-0304.mp3
tongyeong-0413,http://urisori.co.kr/sound/origin/gn/tongyeong/tongyeong-0413.mp3
yeongam-0224,http://urisori.co.kr/sound/origin/jn/yeongam/yeongam-0224.mp3
gangjin-0602,http://urisori.co.kr/sound/origin/jn/gangjin/gangjin-0602.mp3
samcheok-1104,http://urisori.co.kr/sound/origin/gw/samcheok/samcheok-1104.mp3
jungwon-0334,http://urisori.co.kr/sound/origin/cb/jungwon/jungwon-0334.mp3
haenam-0127,http://urisori.co.kr/sound/origin/jn/haenam/haenam-0127.mp3
geumreung-0433,http://urisori.co.kr/sound/origin/gb/geumreung/geumreung-0433.mp3
muju-0704,http://urisori.co.kr/sound/origin/jb/muju/muju-0704.mp3
gn.goseong-0519,http://urisori.co.kr/sound/origin/gn/gn.goseong/gn.goseong-0519.mp3
geochang-0315,http://urisori.co.kr/sound/origin/gn/geochang/geochang-0315.mp3
jinan-0603,http://urisori.co.kr/sound/origin/jb/jinan/jinan-0603.mp3
gangjin-0618,http://urisori.co.kr/sound/origin/jn/gangjin/gangjin-0618.mp3
gangjin-0716,http://urisori.co.kr/sound/origin/jn/gangjin/gangjin-0716.mp3
yeocheon-0327,http://urisori.co.kr/sound/origin/jn/yeocheon/yeocheon-0327.mp3
bonghwa-0311,http://urisori.co.kr/sound/origin/gb/bonghwa/bonghwa-0311.mp3
gangjin-0312,http://urisori.co.kr/sound/origin/jn/gangjin/gangjin-0312.mp3
yeonggwang-0609,http://urisori.co.kr/sound/origin/jn/yeonggwang/yeonggwang-0609.mp3
hapcheon-0516,http://urisori.co.kr/sound/origin/gn/hapcheon/hapcheon-0516.mp3
gangjin-0626,http://urisori.co.kr/sound/origin/jn/gangjin/gangjin-0626.mp3
tongyeong-0304,http://urisori.co.kr/sound/origin/gn/tongyeong/tongyeong-0304.mp3
damyang-0122,http://urisori.co.kr/sound/origin/jn/damyang/damyang-0122.mp3
haenam-0411,http://urisori.co.kr/sound/origin/jn/haenam/haenam-0411.mp3
muan-0155,http://urisori.co.kr/sound/origin/jn/muan/muan-0155.mp3
gangjin-0212,http://urisori.co.kr/sound/origin/jn/gangjin/gangjin-0212.mp3
yeongil-0524,http://urisori.co.kr/sound/origin/gb/yeongil/yeongil-0524.mp3
geumreung-0206,http://urisori.co.kr/sound/origin/gb/geumreung/geumreung-0206.mp3
gyeongju-0211,http://urisori.co.kr/sound/origin/gb/gyeongju/gyeongju-0211.mp3
samcheok-1012,http://urisori.co.kr/sound/origin/gw/samcheok/samcheok-1012.mp3
chilgok-0606,http://urisori.co.kr/sound/origin/gb/chilgok/chilgok-0606.mp3
uljin-0115,http://urisori.co.kr/sound/origin/gb/uljin/uljin-0115.mp3
inje-0105,http://urisori.co.kr/sound/origin/gw/inje/inje-0105.mp3
gimhae-0212,http://urisori.co.kr/sound/origin/gn/gimhae/gimhae-0212.mp3
jeongseon-0724,http://urisori.co.kr/sound/origin/gw/jeongseon/jeongseon-0724.mp3
hoengseong-0107,http://urisori.co.kr/sound/origin/gw/hoengseong/hoengseong-0107.mp3
chilgok-0471,http://urisori.co.kr/sound/origin/gb/chilgok/chilgok-0471.mp3
naju-0319,http://urisori.co.kr/sound/origin/jn/naju/naju-0319.mp3
boeun-0211,http://urisori.co.kr/sound/origin/cb/boeun/boeun-0211.mp3
yeongam-0512,http://urisori.co.kr/sound/origin/jn/yeongam/yeongam-0512.mp3
ulreung-0209,http://urisori.co.kr/sound/origin/gb/ulreung/ulreung-0209.mp3
seongju-0313,http://urisori.co.kr/sound/origin/gb/seongju/seongju-0313.mp3
tongyeong-0713,http://urisori.co.kr/sound/origin/gn/tongyeong/tongyeong-0713.mp3
geoje-0521,http://urisori.co.kr/sound/origin/gn/geoje/geoje-0521.mp3
yeocheon-0227,http://urisori.co.kr/sound/origin/jn/yeocheon/yeocheon-0227.mp3
yeongdeok-0309,http://urisori.co.kr/sound/origin/gb/yeongdeok/yeongdeok-0309.mp3
yeonggwang-0142,http://urisori.co.kr/sound/origin/jn/yeonggwang/yeonggwang-0142.mp3
gn.goseong-0531,http://urisori.co.kr/sound/origin/gn/gn.goseong/gn.goseong-0531.mp3
yeongdeok-0204,http://urisori.co.kr/sound/origin/gb/yeongdeok/yeongdeok-0204.mp3
hadong-0136,http://urisori.co.kr/sound/origin/gn/hadong/hadong-0136.mp3
jangsu-0233,http://urisori.co.kr/sound/origin/jb/jangsu/jangsu-0233.mp3
yecheon-0503,http://urisori.co.kr/sound/origin/gb/yecheon/yecheon-0503.mp3
jeongseon-1111,http://urisori.co.kr/sound/origin/gw/jeongseon/jeongseon-1111.mp3
chilgok-0402,http://urisori.co.kr/sound/origin/gb/chilgok/chilgok-0402.mp3
sancheong-0509,http://urisori.co.kr/sound/origin/gn/sancheong/sancheong-0509.mp3
wando-0718,http://urisori.co.kr/sound/origin/jn/wando/wando-0718.mp3
wando-0408,http://urisori.co.kr/sound/origin/jn/wando/wando-0408.mp3
iksan-0206,http://urisori.co.kr/sound/origin/jb/iksan/iksan-0206.mp3
jangsu-0342,http://urisori.co.kr/sound/origin/jb/jangsu/jangsu-0342.mp3
sancheong-0443,http://urisori.co.kr/sound/origin/gn/sancheong/sancheong-0443.mp3
wanju-0523,http://urisori.co.kr/sound/origin/jb/wanju/wanju-0523.mp3
daejeon-0510,http://urisori.co.kr/sound/origin/cn/daejeon/daejeon-0510.mp3
seungju-0307,http://urisori.co.kr/sound/origin/jn/seungju/seungju-0307.mp3
samcheok-1209,http://urisori.co.kr/sound/origin/gw/samcheok/samcheok-1209.mp3
jinyang-0907,http://urisori.co.kr/sound/origin/gn/jinyang/jinyang-0907.mp3
jungwon-0336,http://urisori.co.kr/sound/origin/cb/jungwon/jungwon-0336.mp3
jinan-0626,http://urisori.co.kr/sound/origin/jb/jinan/jinan-0626.mp3
eumseong-0518,http://urisori.co.kr/sound/origin/cb/eumseong/eumseong-0518.mp3
yeongyang-0118,http://urisori.co.kr/sound/origin/gb/yeongyang/yeongyang-0118.mp3
milyang-1009,http://urisori.co.kr/sound/origin/gn/milyang/milyang-1009.mp3
uljin-0613,http://urisori.co.kr/sound/origin/gb/uljin/uljin-0613.mp3
sinan-0117,http://urisori.co.kr/sound/origin/jn/sinan/sinan-0117.mp3
sancheong-0527,http://urisori.co.kr/sound/origin/gn/sancheong/sancheong-0527.mp3
jangheung-0514,http://urisori.co.kr/sound/origin/jn/jangheung/jangheung-0514.mp3
cheongdo-0111,http://urisori.co.kr/sound/origin/gb/cheongdo/cheongdo-0111.mp3
seongju-0143,http://urisori.co.kr/sound/origin/gb/seongju/seongju-0143.mp3
yeocheon-0326,http://urisori.co.kr/sound/origin/jn/yeocheon/yeocheon-0326.mp3
yangyang-1805,http://urisori.co.kr/sound/origin/gw/yangyang/yangyang-1805.mp3
jeongseon-0723,http://urisori.co.kr/sound/origin/gw/jeongseon/jeongseon-0723.mp3
uljin-0719,http://urisori.co.kr/sound/origin/gb/uljin/uljin-0719.mp3
gunwi-0238,http://urisori.co.kr/sound/origin/gb/gunwi/gunwi-0238.mp3
goheung-0221,http://urisori.co.kr/sound/origin/jn/goheung/goheung-0221.mp3
yanggu-0408,http://urisori.co.kr/sound/origin/gw/yanggu/yanggu-0408.mp3
samcheok-1017,http://urisori.co.kr/sound/origin/gw/samcheok/samcheok-1017.mp3
imsil-0208,http://urisori.co.kr/sound/origin/jb/imsil/imsil-0208.mp3
hwacheon-0209,http://urisori.co.kr/sound/origin/gw/hwacheon/hwacheon-0209.mp3
yeonggwang-0612,http://urisori.co.kr/sound/origin/jn/yeonggwang/yeonggwang-0612.mp3
cheolwon-1201,http://urisori.co.kr/sound/origin/gw/cheolwon/cheolwon-1201.mp3
dalseong-0335,http://urisori.co.kr/sound/origin/gb/dalseong/dalseong-0335.mp3
jeongseon-0726,http://urisori.co.kr/sound/origin/gw/jeongseon/jeongseon-0726.mp3
yeongcheon-0120,http://urisori.co.kr/sound/origin/gb/yeongcheon/yeongcheon-0120.mp3
milyang-1711,http://urisori.co.kr/sound/origin/gn/milyang/milyang-1711.mp3
nonsan-0201,http://urisori.co.kr/sound/origin/cn/nonsan/nonsan-0201.mp3
haman-0128,http://urisori.co.kr/sound/origin/gn/haman/haman-0128.mp3
bonghwa-0712,http://urisori.co.kr/sound/origin/gb/bonghwa/bonghwa-0712.mp3
bonghwa-0312,http://urisori.co.kr/sound/origin/gb/bonghwa/bonghwa-0312.mp3
jangseong-0228,http://urisori.co.kr/sound/origin/jn/jangseong/jangseong-0228.mp3
goheung-0220,http://urisori.co.kr/sound/origin/jn/goheung/goheung-0220.mp3
gokseong-0413,http://urisori.co.kr/sound/origin/jn/gokseong/gokseong-0413.mp3
cheolwon-1214,http://urisori.co.kr/sound/origin/gw/cheolwon/cheolwon-1214.mp3
hampyeong-0603,http://urisori.co.kr/sound/origin/jn/hampyeong/hampyeong-0603.mp3
euiryeong-0508,http://urisori.co.kr/sound/origin/gn/euiryeong/euiryeong-0508.mp3
inje-0208,http://urisori.co.kr/sound/origin/gw/inje/inje-0208.mp3
gangjin-0714,http://urisori.co.kr/sound/origin/jn/gangjin/gangjin-0714.mp3
chilgok-0318,http://urisori.co.kr/sound/origin/gb/chilgok/chilgok-0318.mp3
bukjeju-1512,http://urisori.co.kr/sound/origin/jj/bukjeju/bukjeju-1512.mp3
bonghwa-0713,http://urisori.co.kr/sound/origin/gb/bonghwa/bonghwa-0713.mp3
jangheung-0219,http://urisori.co.kr/sound/origin/jn/jangheung/jangheung-0219.mp3
jangseong-0235,http://urisori.co.kr/sound/origin/jn/jangseong/jangseong-0235.mp3
seosan-0706,http://urisori.co.kr/sound/origin/cn/seosan/seosan-0706.mp3
gw.goseong-1210,http://urisori.co.kr/sound/origin/gw/gw.goseong/gw.goseong-1210.mp3
gw.goseong-0607,http://urisori.co.kr/sound/origin/gw/gw.goseong/gw.goseong-0607.mp3
yeongdeok-0202,http://urisori.co.kr/sound/origin/gb/yeongdeok/yeongdeok-0202.mp3
sancheong-0422,http://urisori.co.kr/sound/origin/gn/sancheong/sancheong-0422.mp3
dalseong-0214,http://urisori.co.kr/sound/origin/gb/dalseong/dalseong-0214.mp3
chuncheon-0313,http://urisori.co.kr/sound/origin/gw/chuncheon/chuncheon-0313.mp3
boeun-0412,http://urisori.co.kr/sound/origin/cb/boeun/boeun-0412.mp3
gangjin-0319,http://urisori.co.kr/sound/origin/jn/gangjin/gangjin-0319.mp3
boseong-0135,http://urisori.co.kr/sound/origin/jn/boseong/boseong-0135.mp3
wanju-0424,http://urisori.co.kr/sound/origin/jb/wanju/wanju-0424.mp3
seongju-0833,http://urisori.co.kr/sound/origin/gb/seongju/seongju-0833.mp3
hamyang-0328,http://urisori.co.kr/sound/origin/gn/hamyang/hamyang-0328.mp3
yanggu-0302,http://urisori.co.kr/sound/origin/gw/yanggu/yanggu-0302.mp3
yeonggwang-0611,http://urisori.co.kr/sound/origin/jn/yeonggwang/yeonggwang-0611.mp3
muju-0703,http://urisori.co.kr/sound/origin/jb/muju/muju-0703.mp3
yeongam-0520,http://urisori.co.kr/sound/origin/jn/yeongam/yeongam-0520.mp3
jeongeup-0462,http://urisori.co.kr/sound/origin/jb/jeongeup/jeongeup-0462.mp3
hwasun-0312,http://urisori.co.kr/sound/origin/jn/hwasun/hwasun-0312.mp3
yangyang-1206,http://urisori.co.kr/sound/origin/gw/yangyang/yangyang-1206.mp3
jungwon-0335,http://urisori.co.kr/sound/origin/cb/jungwon/jungwon-0335.mp3
gn.goseong-0211,http://urisori.co.kr/sound/origin/gn/gn.goseong/gn.goseong-0211.mp3
dalseong-0302,http://urisori.co.kr/sound/origin/gb/dalseong/dalseong-0302.mp3
ulreung-0224,http://urisori.co.kr/sound/origin/gb/ulreung/ulreung-0224.mp3
haman-0616,http://urisori.co.kr/sound/origin/gn/haman/haman-0616.mp3
nonsan-0101,http://urisori.co.kr/sound/origin/cn/nonsan/nonsan-0101.mp3
mungyeong-0317,http://urisori.co.kr/sound/origin/gb/mungyeong/mungyeong-0317.mp3
jangheung-0411,http://urisori.co.kr/sound/origin/jn/jangheung/jangheung-0411.mp3
gimje-0310,http://urisori.co.kr/sound/origin/jb/gimje/gimje-0310.mp3
naju-0332,http://urisori.co.kr/sound/origin/jn/naju/naju-0332.mp3
yeongil-0616,http://urisori.co.kr/sound/origin/gb/yeongil/yeongil-0616.mp3
seungju-0319,http://urisori.co.kr/sound/origin/jn/seungju/seungju-0319.mp3
sangju-0817,http://urisori.co.kr/sound/origin/gb/sangju/sangju-0817.mp3
gwangjusi-0140,http://urisori.co.kr/sound/origin/jn/gwangjusi/gwangjusi-0140.mp3
gangjin-0711,http://urisori.co.kr/sound/origin/jn/gangjin/gangjin-0711.mp3
geumsan-1106,http://urisori.co.kr/sound/origin/cn/geumsan/geumsan-1106.mp3
milyang-0606,http://urisori.co.kr/sound/origin/gn/milyang/milyang-0606.mp3
sancheong-0441,http://urisori.co.kr/sound/origin/gn/sancheong/sancheong-0441.mp3
jangheung-0515,http://urisori.co.kr/sound/origin/jn/jangheung/jangheung-0515.mp3
haenam-0128,http://urisori.co.kr/sound/origin/jn/haenam/haenam-0128.mp3
yanggu-0435,http://urisori.co.kr/sound/origin/gw/yanggu/yanggu-0435.mp3
jindo-0108,http://urisori.co.kr/sound/origin/jn/jindo/jindo-0108.mp3
hadong-0409,http://urisori.co.kr/sound/origin/gn/hadong/hadong-0409.mp3
hapcheon-0510,http://urisori.co.kr/sound/origin/gn/hapcheon/hapcheon-0510.mp3
milyang-0604,http://urisori.co.kr/sound/origin/gn/milyang/milyang-0604.mp3
hwasun-0311,http://urisori.co.kr/sound/origin/jn/hwasun/hwasun-0311.mp3
muan-0705,http://urisori.co.kr/sound/origin/jn/muan/muan-0705.mp3
seungju-0340,http://urisori.co.kr/sound/origin/jn/seungju/seungju-0340.mp3
pyeongchang-1114,http://urisori.co.kr/sound/origin/gw/pyeongchang/pyeongchang-1114.mp3
yangyang-2101,http://urisori.co.kr/sound/origin/gw/yangyang/yangyang-2101.mp3
jangheung-0228,http://urisori.co.kr/sound/origin/jn/jangheung/jangheung-0228.mp3
geochang-0509,http://urisori.co.kr/sound/origin/gn/geochang/geochang-0509.mp3
imsil-0510,http://urisori.co.kr/sound/origin/jb/imsil/imsil-0510.mp3
chilgok-0301,http://urisori.co.kr/sound/origin/gb/chilgok/chilgok-0301.mp3
yanggu-0110,http://urisori.co.kr/sound/origin/gw/yanggu/yanggu-0110.mp3
seongju-0641,http://urisori.co.kr/sound/origin/gb/seongju/seongju-0641.mp3
jeongseon-0811,http://urisori.co.kr/sound/origin/gw/jeongseon/jeongseon-0811.mp3
namhae-0110,http://urisori.co.kr/sound/origin/gn/namhae/namhae-0110.mp3
ulsan-0409,http://urisori.co.kr/sound/origin/gn/ulsan/ulsan-0409.mp3
wando-0407,http://urisori.co.kr/sound/origin/jn/wando/wando-0407.mp3
seungju-0342,http://urisori.co.kr/sound/origin/jn/seungju/seungju-0342.mp3
naju-0311,http://urisori.co.kr/sound/origin/jn/naju/naju-0311.mp3
hampyeong-0139,http://urisori.co.kr/sound/origin/jn/hampyeong/hampyeong-0139.mp3
bonghwa-0705,http://urisori.co.kr/sound/origin/gb/bonghwa/bonghwa-0705.mp3
hampyeong-0612,http://urisori.co.kr/sound/origin/jn/hampyeong/hampyeong-0612.mp3
euiryeong-0326,http://urisori.co.kr/sound/origin/gn/euiryeong/euiryeong-0326.mp3
namwon-0713,http://urisori.co.kr/sound/origin/jb/namwon/namwon-0713.mp3
goryeong-0614,http://urisori.co.kr/sound/origin/gb/goryeong/goryeong-0614.mp3
yeongdeok-0138,http://urisori.co.kr/sound/origin/gb/yeongdeok/yeongdeok-0138.mp3
jangheung-0225,http://urisori.co.kr/sound/origin/jn/jangheung/jangheung-0225.mp3
yeongam-0218,http://urisori.co.kr/sound/origin/jn/yeongam/yeongam-0218.mp3
chilgok-0316,http://urisori.co.kr/sound/origin/gb/chilgok/chilgok-0316.mp3
euiseong-0721,http://urisori.co.kr/sound/origin/gb/euiseong/euiseong-0721.mp3
sancheong-0523,http://urisori.co.kr/sound/origin/gn/sancheong/sancheong-0523.mp3
sacheon-0110,http://urisori.co.kr/sound/origin/gn/sacheon/sacheon-0110.mp3
boseong-0138,http://urisori.co.kr/sound/origin/jn/boseong/boseong-0138.mp3
uljin-1003,http://urisori.co.kr/sound/origin/gb/uljin/uljin-1003.mp3
ganghwa-0702,http://urisori.co.kr/sound/origin/gg/ganghwa/ganghwa-0702.mp3
incheon-0102,http://urisori.co.kr/sound/origin/gg/incheon/incheon-0102.mp3
goheung-0230,http://urisori.co.kr/sound/origin/jn/goheung/goheung-0230.mp3
yangyang-0314,http://urisori.co.kr/sound/origin/gw/yangyang/yangyang-0314.mp3
cheolwon-0812,http://urisori.co.kr/sound/origin/gw/cheolwon/cheolwon-0812.mp3
yecheon-0504,http://urisori.co.kr/sound/origin/gb/yecheon/yecheon-0504.mp3
naju-0411,http://urisori.co.kr/sound/origin/jn/naju/naju-0411.mp3
yecheon-0423,http://urisori.co.kr/sound/origin/gb/yecheon/yecheon-0423.mp3
yeonggwang-0433,http://urisori.co.kr/sound/origin/jn/yeonggwang/yeonggwang-0433.mp3
yangyang-1502,http://urisori.co.kr/sound/origin/gw/yangyang/yangyang-1502.mp3
naju-0212,http://urisori.co.kr/sound/origin/jn/naju/naju-0212.mp3
yeongwol-0106,http://urisori.co.kr/sound/origin/gw/yeongwol/yeongwol-0106.mp3
euiseong-0231,http://urisori.co.kr/sound/origin/gb/euiseong/euiseong-0231.mp3
euiryeong-0214,http://urisori.co.kr/sound/origin/gn/euiryeong/euiryeong-0214.mp3
jangheung-0221,http://urisori.co.kr/sound/origin/jn/jangheung/jangheung-0221.mp3
goheung-0112,http://urisori.co.kr/sound/origin/jn/goheung/goheung-0112.mp3
wando-0223,http://urisori.co.kr/sound/origin/jn/wando/wando-0223.mp3
hamyang-0140,http://urisori.co.kr/sound/origin/gn/hamyang/hamyang-0140.mp3
yecheon-0424,http://urisori.co.kr/sound/origin/gb/yecheon/yecheon-0424.mp3
chilgok-0317,http://urisori.co.kr/sound/origin/gb/chilgok/chilgok-0317.mp3
gw.goseong-0604,http://urisori.co.kr/sound/origin/gw/gw.goseong/gw.goseong-0604.mp3
goryeong-0529,http://urisori.co.kr/sound/origin/gb/goryeong/goryeong-0529.mp3
haenam-0130,http://urisori.co.kr/sound/origin/jn/haenam/haenam-0130.mp3
sangju-1008,http://urisori.co.kr/sound/origin/gb/sangju/sangju-1008.mp3
yangsan-0214,http://urisori.co.kr/sound/origin/gn/yangsan/yangsan-0214.mp3
boseong-0126,http://urisori.co.kr/sound/origin/jn/boseong/boseong-0126.mp3
haenam-0409,http://urisori.co.kr/sound/origin/jn/haenam/haenam-0409.mp3
sinan-0614,http://urisori.co.kr/sound/origin/jn/sinan/sinan-0614.mp3
boseong-0134,http://urisori.co.kr/sound/origin/jn/boseong/boseong-0134.mp3
yangyang-2103,http://urisori.co.kr/sound/origin/gw/yangyang/yangyang-2103.mp3
sangju-1039,http://urisori.co.kr/sound/origin/gb/sangju/sangju-1039.mp3
boseong-0142,http://urisori.co.kr/sound/origin/jn/boseong/boseong-0142.mp3
ulreung-0325,http://urisori.co.kr/sound/origin/gb/ulreung/ulreung-0325.mp3
gwangyang-0114,http://urisori.co.kr/sound/origin/jn/gwangyang/gwangyang-0114.mp3
wando-0423,http://urisori.co.kr/sound/origin/jn/wando/wando-0423.mp3
seongju-0827,http://urisori.co.kr/sound/origin/gb/seongju/seongju-0827.mp3
haenam-0414,http://urisori.co.kr/sound/origin/jn/haenam/haenam-0414.mp3
hoengseong-0424,http://urisori.co.kr/sound/origin/gw/hoengseong/hoengseong-0424.mp3
boseong-0123,http://urisori.co.kr/sound/origin/jn/boseong/boseong-0123.mp3
goheung-0115,http://urisori.co.kr/sound/origin/jn/goheung/goheung-0115.mp3
samcheok-1001,http://urisori.co.kr/sound/origin/gw/samcheok/samcheok-1001.mp3
gokseong-0409,http://urisori.co.kr/sound/origin/jn/gokseong/gokseong-0409.mp3
yeongam-0514,http://urisori.co.kr/sound/origin/jn/yeongam/yeongam-0514.mp3
geochang-0510,http://urisori.co.kr/sound/origin/gn/geochang/geochang-0510.mp3
geumsan-0920,http://urisori.co.kr/sound/origin/cn/geumsan/geumsan-0920.mp3
cheolwon-1019,http://urisori.co.kr/sound/origin/gw/cheolwon/cheolwon-1019.mp3
geumsan-0917,http://urisori.co.kr/sound/origin/cn/geumsan/geumsan-0917.mp3
yeongam-0424,http://urisori.co.kr/sound/origin/jn/yeongam/yeongam-0424.mp3
gw.goseong-0708,http://urisori.co.kr/sound/origin/gw/gw.goseong/gw.goseong-0708.mp3
changwon-0208,http://urisori.co.kr/sound/origin/gn/changwon/changwon-0208.mp3
gimhae-0304,http://urisori.co.kr/sound/origin/gn/gimhae/gimhae-0304.mp3
cheolwon-1051,http://urisori.co.kr/sound/origin/gw/cheolwon/cheolwon-1051.mp3
gunwi-0239,http://urisori.co.kr/sound/origin/gb/gunwi/gunwi-0239.mp3
imsil-0218,http://urisori.co.kr/sound/origin/jb/imsil/imsil-0218.mp3
hampyeong-0443,http://urisori.co.kr/sound/origin/jn/hampyeong/hampyeong-0443.mp3
jinyang-0911,http://urisori.co.kr/sound/origin/gn/jinyang/jinyang-0911.mp3
geoje-0618,http://urisori.co.kr/sound/origin/gn/geoje/geoje-0618.mp3
cheongdo-0515,http://urisori.co.kr/sound/origin/gb/cheongdo/cheongdo-0515.mp3
yeongwol-0107,http://urisori.co.kr/sound/origin/gw/yeongwol/yeongwol-0107.mp3
seungju-0346,http://urisori.co.kr/sound/origin/jn/seungju/seungju-0346.mp3
yeocheon-0225,http://urisori.co.kr/sound/origin/jn/yeocheon/yeocheon-0225.mp3
seocheon-0720,http://urisori.co.kr/sound/origin/cn/seocheon/seocheon-0720.mp3
gimhae-0110,http://urisori.co.kr/sound/origin/gn/gimhae/gimhae-0110.mp3
namwon-0312,http://urisori.co.kr/sound/origin/jb/namwon/namwon-0312.mp3
yeongdeok-0203,http://urisori.co.kr/sound/origin/gb/yeongdeok/yeongdeok-0203.mp3
hongcheon-0411,http://urisori.co.kr/sound/origin/gw/hongcheon/hongcheon-0411.mp3
bonghwa-0711,http://urisori.co.kr/sound/origin/gb/bonghwa/bonghwa-0711.mp3
tongyeong-0710,http://urisori.co.kr/sound/origin/gn/tongyeong/tongyeong-0710.mp3
imsil-0209,http://urisori.co.kr/sound/origin/jb/imsil/imsil-0209.mp3
goheung-0110,http://urisori.co.kr/sound/origin/jn/goheung/goheung-0110.mp3
cheongdo-0705,http://urisori.co.kr/sound/origin/gb/cheongdo/cheongdo-0705.mp3
hapcheon-0509,http://urisori.co.kr/sound/origin/gn/hapcheon/hapcheon-0509.mp3
wando-0207,http://urisori.co.kr/sound/origin/jn/wando/wando-0207.mp3
jangsu-0223,http://urisori.co.kr/sound/origin/jb/jangsu/jangsu-0223.mp3
gunwi-0240,http://urisori.co.kr/sound/origin/gb/gunwi/gunwi-0240.mp3
goheung-0119,http://urisori.co.kr/sound/origin/jn/goheung/goheung-0119.mp3
damyang-0124,http://urisori.co.kr/sound/origin/jn/damyang/damyang-0124.mp3
sinan-0805,http://urisori.co.kr/sound/origin/jn/sinan/sinan-0805.mp3
yeongil-0512,http://urisori.co.kr/sound/origin/gb/yeongil/yeongil-0512.mp3
yecheon-0821,http://urisori.co.kr/sound/origin/gb/yecheon/yecheon-0821.mp3
wonju-0222,http://urisori.co.kr/sound/origin/gw/wonju/wonju-0222.mp3
damyang-0115,http://urisori.co.kr/sound/origin/jn/damyang/damyang-0115.mp3
hadong-0410,http://urisori.co.kr/sound/origin/gn/hadong/hadong-0410.mp3
hampyeong-0522,http://urisori.co.kr/sound/origin/jn/hampyeong/hampyeong-0522.mp3
mungyeong-0510,http://urisori.co.kr/sound/origin/gb/mungyeong/mungyeong-0510.mp3
sinan-1121,http://urisori.co.kr/sound/origin/jn/sinan/sinan-1121.mp3
seungju-0112,http://urisori.co.kr/sound/origin/jn/seungju/seungju-0112.mp3
jeongseon-0810,http://urisori.co.kr/sound/origin/gw/jeongseon/jeongseon-0810.mp3
hongcheon-0406,http://urisori.co.kr/sound/origin/gw/hongcheon/hongcheon-0406.mp3
chilgok-0314,http://urisori.co.kr/sound/origin/gb/chilgok/chilgok-0314.mp3
cheolwon-1205,http://urisori.co.kr/sound/origin/gw/cheolwon/cheolwon-1205.mp3
goesan-0315,http://urisori.co.kr/sound/origin/cb/goesan/goesan-0315.mp3
yecheon-0809,http://urisori.co.kr/sound/origin/gb/yecheon/yecheon-0809.mp3
yeonggwang-0238,http://urisori.co.kr/sound/origin/jn/yeonggwang/yeonggwang-0238.mp3
haenam-0511,http://urisori.co.kr/sound/origin/jn/haenam/haenam-0511.mp3
boryeong-0231,http://urisori.co.kr/sound/origin/cn/boryeong/boryeong-0231.mp3
jangsu-0113,http://urisori.co.kr/sound/origin/jb/jangsu/jangsu-0113.mp3
dalseong-0307,http://urisori.co.kr/sound/origin/gb/dalseong/dalseong-0307.mp3
yangyang-1714,http://urisori.co.kr/sound/origin/gw/yangyang/yangyang-1714.mp3
cheolwon-1203,http://urisori.co.kr/sound/origin/gw/cheolwon/cheolwon-1203.mp3
yangyang-2102,http://urisori.co.kr/sound/origin/gw/yangyang/yangyang-2102.mp3
namhae-0219,http://urisori.co.kr/sound/origin/gn/namhae/namhae-0219.mp3
naju-0511,http://urisori.co.kr/sound/origin/jn/naju/naju-0511.mp3
seungju-0339,http://urisori.co.kr/sound/origin/jn/seungju/seungju-0339.mp3
muju-0401,http://urisori.co.kr/sound/origin/jb/muju/muju-0401.mp3
naju-0331,http://urisori.co.kr/sound/origin/jn/naju/naju-0331.mp3
sinan-0118,http://urisori.co.kr/sound/origin/jn/sinan/sinan-0118.mp3
daejeon-0501,http://urisori.co.kr/sound/origin/cn/daejeon/daejeon-0501.mp3
jungwon-0337,http://urisori.co.kr/sound/origin/cb/jungwon/jungwon-0337.mp3
sacheon-0210,http://urisori.co.kr/sound/origin/gn/sacheon/sacheon-0210.mp3
namhae-0315,http://urisori.co.kr/sound/origin/gn/namhae/namhae-0315.mp3
bukjeju-0219,http://urisori.co.kr/sound/origin/jj/bukjeju/bukjeju-0219.mp3
geoje-0409,http://urisori.co.kr/sound/origin/gn/geoje/geoje-0409.mp3
hampyeong-0518,http://urisori.co.kr/sound/origin/jn/hampyeong/hampyeong-0518.mp3
jangheung-0509,http://urisori.co.kr/sound/origin/jn/jangheung/jangheung-0509.mp3
haenam-0433,http://urisori.co.kr/sound/origin/jn/haenam/haenam-0433.mp3
boryeong-0232,http://urisori.co.kr/sound/origin/cn/boryeong/boryeong-0232.mp3
gangjin-0310,http://urisori.co.kr/sound/origin/jn/gangjin/gangjin-0310.mp3
geoje-0417,http://urisori.co.kr/sound/origin/gn/geoje/geoje-0417.mp3
seungju-0347,http://urisori.co.kr/sound/origin/jn/seungju/seungju-0347.mp3
chilgok-0514,http://urisori.co.kr/sound/origin/gb/chilgok/chilgok-0514.mp3
jinyang-0406,http://urisori.co.kr/sound/origin/gn/jinyang/jinyang-0406.mp3
ulsan-0908,http://urisori.co.kr/sound/origin/gn/ulsan/ulsan-0908.mp3
gwangyang-0113,http://urisori.co.kr/sound/origin/jn/gwangyang/gwangyang-0113.mp3
sinan-0843,http://urisori.co.kr/sound/origin/jn/sinan/sinan-0843.mp3
geumsan-1108,http://urisori.co.kr/sound/origin/cn/geumsan/geumsan-1108.mp3
jindo-0109,http://urisori.co.kr/sound/origin/jn/jindo/jindo-0109.mp3
sinan-0913,http://urisori.co.kr/sound/origin/jn/sinan/sinan-0913.mp3
ulsan-0421,http://urisori.co.kr/sound/origin/gn/ulsan/ulsan-0421.mp3
hamyang-0106,http://urisori.co.kr/sound/origin/gn/hamyang/hamyang-0106.mp3
cheolwon-1020,http://urisori.co.kr/sound/origin/gw/cheolwon/cheolwon-1020.mp3
jangheung-0220,http://urisori.co.kr/sound/origin/jn/jangheung/jangheung-0220.mp3
seonsan-0609,http://urisori.co.kr/sound/origin/gb/seonsan/seonsan-0609.mp3
hampyeong-0422,http://urisori.co.kr/sound/origin/jn/hampyeong/hampyeong-0422.mp3
tongyeong-0625,http://urisori.co.kr/sound/origin/gn/tongyeong/tongyeong-0625.mp3
yeongil-0606,http://urisori.co.kr/sound/origin/gb/yeongil/yeongil-0606.mp3
namwon-0311,http://urisori.co.kr/sound/origin/jb/namwon/namwon-0311.mp3
goheung-0407,http://urisori.co.kr/sound/origin/jn/goheung/goheung-0407.mp3
jangseong-0538,http://urisori.co.kr/sound/origin/jn/jangseong/jangseong-0538.mp3
yeongdeok-0209,http://urisori.co.kr/sound/origin/gb/yeongdeok/yeongdeok-0209.mp3
jungwon-0338,http://urisori.co.kr/sound/origin/cb/jungwon/jungwon-0338.mp3
seungju-0336,http://urisori.co.kr/sound/origin/jn/seungju/seungju-0336.mp3
hamyang-0139,http://urisori.co.kr/sound/origin/gn/hamyang/hamyang-0139.mp3
yecheon-0309,http://urisori.co.kr/sound/origin/gb/yecheon/yecheon-0309.mp3
tongyeong-0614,http://urisori.co.kr/sound/origin/gn/tongyeong/tongyeong-0614.mp3
yangyang-0510,http://urisori.co.kr/sound/origin/gw/yangyang/yangyang-0510.mp3
jeongseon-0809,http://urisori.co.kr/sound/origin/gw/jeongseon/jeongseon-0809.mp3
hampyeong-0517,http://urisori.co.kr/sound/origin/jn/hampyeong/hampyeong-0517.mp3
yeongam-0516,http://urisori.co.kr/sound/origin/jn/yeongam/yeongam-0516.mp3
cheolwon-0807,http://urisori.co.kr/sound/origin/gw/cheolwon/cheolwon-0807.mp3
hampyeong-0444,http://urisori.co.kr/sound/origin/jn/hampyeong/hampyeong-0444.mp3
gn.goseong-0319,http://urisori.co.kr/sound/origin/gn/gn.goseong/gn.goseong-0319.mp3
yangyang-1315,http://urisori.co.kr/sound/origin/gw/yangyang/yangyang-1315.mp3
goheung-0513,http://urisori.co.kr/sound/origin/jn/goheung/goheung-0513.mp3
gokseong-0105,http://urisori.co.kr/sound/origin/jn/gokseong/gokseong-0105.mp3
sangju-1014,http://urisori.co.kr/sound/origin/gb/sangju/sangju-1014.mp3
gwangjusi-0147,http://urisori.co.kr/sound/origin/jn/gwangjusi/gwangjusi-0147.mp3
gimje-0511,http://urisori.co.kr/sound/origin/jb/gimje/gimje-0511.mp3
hampyeong-0523,http://urisori.co.kr/sound/origin/jn/hampyeong/hampyeong-0523.mp3
sinan-0216,http://urisori.co.kr/sound/origin/jn/sinan/sinan-0216.mp3
nonsan-0105,http://urisori.co.kr/sound/origin/cn/nonsan/nonsan-0105.mp3
wonju-0106,http://urisori.co.kr/sound/origin/gw/wonju/wonju-0106.mp3
sangju-1009,http://urisori.co.kr/sound/origin/gb/sangju/sangju-1009.mp3
geoje-0616,http://urisori.co.kr/sound/origin/gn/geoje/geoje-0616.mp3
euiseong-0232,http://urisori.co.kr/sound/origin/gb/euiseong/euiseong-0232.mp3
hwacheon-0312,http://urisori.co.kr/sound/origin/gw/hwacheon/hwacheon-0312.mp3
inje-0210,http://urisori.co.kr/sound/origin/gw/inje/inje-0210.mp3
daejeon-0511,http://urisori.co.kr/sound/origin/cn/daejeon/daejeon-0511.mp3
muan-0319,http://urisori.co.kr/sound/origin/jn/muan/muan-0319.mp3
hwasun-0201,http://urisori.co.kr/sound/origin/jn/hwasun/hwasun-0201.mp3
