item_id,song_url
young_wedding_both_348,https://www.liederenbank.nl/liedpresentatie.php?zoek=182573&lan=en
young_wedding_both_349,https://www.liederenbank.nl/liedpresentatie.php?zoek=192718&lan=en
young_wedding_both_350,https://www.liederenbank.nl/liedpresentatie.php?zoek=184556&lan=en
young_wedding_both_351,https://www.liederenbank.nl/liedpresentatie.php?zoek=154039&lan=en
young_wedding_both_352,https://www.liederenbank.nl/liedpresentatie.php?zoek=154042&lan=en
young_wedding_both_353,https://www.liederenbank.nl/liedpresentatie.php?zoek=120809&lan=en
young_wedding_both_354,https://www.liederenbank.nl/liedpresentatie.php?zoek=120939&lan=en
young_wedding_both_355,https://www.liederenbank.nl/liedpresentatie.php?zoek=120944&lan=en
young_wedding_both_356,https://www.liederenbank.nl/liedpresentatie.php?zoek=120558&lan=en
young_wedding_both_357,https://www.liederenbank.nl/liedpresentatie.php?zoek=187077&lan=en
young_wedding_both_358,https://www.liederenbank.nl/liedpresentatie.php?zoek=187093&lan=en
young_wedding_both_359,https://www.liederenbank.nl/liedpresentatie.php?zoek=120953&lan=en
young_wedding_both_360,https://www.liederenbank.nl/liedpresentatie.php?zoek=185447&lan=en
young_wedding_both_361,https://www.liederenbank.nl/liedpresentatie.php?zoek=185449&lan=en
young_wedding_both_362,https://www.liederenbank.nl/liedpresentatie.php?zoek=185450&lan=en
young_wedding_both_363,https://www.liederenbank.nl/liedpresentatie.php?zoek=185452&lan=en
young_wedding_both_364,https://www.liederenbank.nl/liedpresentatie.php?zoek=185453&lan=en
young_wedding_both_365,https://www.liederenbank.nl/liedpresentatie.php?zoek=185454&lan=en
young_wedding_both_366,https://www.liederenbank.nl/liedpresentatie.php?zoek=185455&lan=en
young_wedding_both_367,https://www.liederenbank.nl/liedpresentatie.php?zoek=185456&lan=en
young_wedding_both_368,https://www.liederenbank.nl/liedpresentatie.php?zoek=185457&lan=en
young_wedding_both_369,https://www.liederenbank.nl/liedpresentatie.php?zoek=185458&lan=en
young_wedding_both_370,https://www.liederenbank.nl/liedpresentatie.php?zoek=185460&lan=en
young_wedding_both_371,https://www.liederenbank.nl/liedpresentatie.php?zoek=185461&lan=en
young_wedding_both_372,https://www.liederenbank.nl/liedpresentatie.php?zoek=185462&lan=en
young_wedding_both_373,https://www.liederenbank.nl/liedpresentatie.php?zoek=185463&lan=en
young_wedding_both_374,https://www.liederenbank.nl/liedpresentatie.php?zoek=185465&lan=en
young_wedding_both_375,https://www.liederenbank.nl/liedpresentatie.php?zoek=122103&lan=en
young_wedding_both_376,https://www.liederenbank.nl/liedpresentatie.php?zoek=122314&lan=en
young_wedding_both_377,https://www.liederenbank.nl/liedpresentatie.php?zoek=122401&lan=en
young_wedding_both_378,https://www.liederenbank.nl/liedpresentatie.php?zoek=184145&lan=en
young_wedding_both_379,https://www.liederenbank.nl/liedpresentatie.php?zoek=185241&lan=en
young_wedding_both_380,https://www.liederenbank.nl/liedpresentatie.php?zoek=185247&lan=en
young_wedding_both_381,https://www.liederenbank.nl/liedpresentatie.php?zoek=121852&lan=en
young_wedding_both_382,https://www.liederenbank.nl/liedpresentatie.php?zoek=121935&lan=en
young_wedding_both_383,https://www.liederenbank.nl/liedpresentatie.php?zoek=121937&lan=en
young_wedding_both_384,https://www.liederenbank.nl/liedpresentatie.php?zoek=121939&lan=en
young_wedding_both_385,https://www.liederenbank.nl/liedpresentatie.php?zoek=121968&lan=en
young_wedding_both_386,https://www.liederenbank.nl/liedpresentatie.php?zoek=122052&lan=en
young_wedding_both_387,https://www.liederenbank.nl/liedpresentatie.php?zoek=124105&lan=en
young_wedding_both_388,https://www.liederenbank.nl/liedpresentatie.php?zoek=111901&lan=en
young_wedding_both_389,https://www.liederenbank.nl/liedpresentatie.php?zoek=111904&lan=en
young_wedding_both_390,https://www.liederenbank.nl/liedpresentatie.php?zoek=111905&lan=en
young_wedding_both_391,https://www.liederenbank.nl/liedpresentatie.php?zoek=111906&lan=en
young_wedding_both_392,https://www.liederenbank.nl/liedpresentatie.php?zoek=111908&lan=en
young_wedding_both_393,https://www.liederenbank.nl/liedpresentatie.php?zoek=111910&lan=en
young_wedding_both_394,https://www.liederenbank.nl/liedpresentatie.php?zoek=111911&lan=en
young_wedding_both_395,https://www.liederenbank.nl/liedpresentatie.php?zoek=111913&lan=en
young_wedding_both_396,https://www.liederenbank.nl/liedpresentatie.php?zoek=111915&lan=en
young_wedding_both_397,https://www.liederenbank.nl/liedpresentatie.php?zoek=111917&lan=en
young_wedding_both_398,https://www.liederenbank.nl/liedpresentatie.php?zoek=111918&lan=en
young_wedding_both_399,https://www.liederenbank.nl/liedpresentatie.php?zoek=111919&lan=en
young_wedding_both_400,https://www.liederenbank.nl/liedpresentatie.php?zoek=111921&lan=en
young_wedding_both_401,https://www.liederenbank.nl/liedpresentatie.php?zoek=111924&lan=en
young_wedding_both_402,https://www.liederenbank.nl/liedpresentatie.php?zoek=111925&lan=en
young_wedding_both_403,https://www.liederenbank.nl/liedpresentatie.php?zoek=111928&lan=en
young_wedding_both_404,https://www.liederenbank.nl/liedpresentatie.php?zoek=111930&lan=en
young_wedding_both_405,https://www.liederenbank.nl/liedpresentatie.php?zoek=111931&lan=en
young_wedding_both_406,https://www.liederenbank.nl/liedpresentatie.php?zoek=111935&lan=en
young_wedding_both_407,https://www.liederenbank.nl/liedpresentatie.php?zoek=111937&lan=en
young_wedding_both_408,https://www.liederenbank.nl/liedpresentatie.php?zoek=111944&lan=en
young_wedding_both_409,https://www.liederenbank.nl/liedpresentatie.php?zoek=111946&lan=en
young_wedding_both_410,https://www.liederenbank.nl/liedpresentatie.php?zoek=111947&lan=en
young_wedding_both_411,https://www.liederenbank.nl/liedpresentatie.php?zoek=111952&lan=en
young_wedding_both_412,https://www.liederenbank.nl/liedpresentatie.php?zoek=111955&lan=en
young_wedding_both_413,https://www.liederenbank.nl/liedpresentatie.php?zoek=111956&lan=en
young_wedding_both_414,https://www.liederenbank.nl/liedpresentatie.php?zoek=111958&lan=en
young_wedding_both_415,https://www.liederenbank.nl/liedpresentatie.php?zoek=111964&lan=en
young_wedding_both_416,https://www.liederenbank.nl/liedpresentatie.php?zoek=111965&lan=en
young_wedding_both_417,https://www.liederenbank.nl/liedpresentatie.php?zoek=111966&lan=en
young_wedding_both_418,https://www.liederenbank.nl/liedpresentatie.php?zoek=111968&lan=en
young_wedding_both_419,https://www.liederenbank.nl/liedpresentatie.php?zoek=111970&lan=en
young_wedding_both_420,https://www.liederenbank.nl/liedpresentatie.php?zoek=111971&lan=en
young_wedding_both_421,https://www.liederenbank.nl/liedpresentatie.php?zoek=111973&lan=en
young_wedding_both_422,https://www.liederenbank.nl/liedpresentatie.php?zoek=122261&lan=en
young_wedding_both_423,https://www.liederenbank.nl/liedpresentatie.php?zoek=122302&lan=en
young_wedding_both_424,https://www.liederenbank.nl/liedpresentatie.php?zoek=122876&lan=en
young_wedding_both_425,https://www.liederenbank.nl/liedpresentatie.php?zoek=122894&lan=en
young_wedding_both_426,https://www.liederenbank.nl/liedpresentatie.php?zoek=122895&lan=en
young_wedding_both_427,https://www.liederenbank.nl/liedpresentatie.php?zoek=122896&lan=en
young_wedding_both_429,https://www.liederenbank.nl/liedpresentatie.php?zoek=122900&lan=en
young_wedding_both_430,https://www.liederenbank.nl/liedpresentatie.php?zoek=122901&lan=en
young_wedding_both_431,https://www.liederenbank.nl/liedpresentatie.php?zoek=122903&lan=en
young_wedding_both_432,https://www.liederenbank.nl/liedpresentatie.php?zoek=122563&lan=en
young_wedding_both_433,https://www.liederenbank.nl/liedpresentatie.php?zoek=121838&lan=en
young_wedding_both_434,https://www.liederenbank.nl/liedpresentatie.php?zoek=121842&lan=en
young_wedding_both_435,https://www.liederenbank.nl/liedpresentatie.php?zoek=121846&lan=en
young_wedding_both_436,https://www.liederenbank.nl/liedpresentatie.php?zoek=121850&lan=en
young_wedding_both_438,https://www.liederenbank.nl/liedpresentatie.php?zoek=121854&lan=en
young_wedding_both_439,https://www.liederenbank.nl/liedpresentatie.php?zoek=121856&lan=en
young_wedding_both_440,https://www.liederenbank.nl/liedpresentatie.php?zoek=121858&lan=en
young_wedding_both_441,https://www.liederenbank.nl/liedpresentatie.php?zoek=121860&lan=en
young_wedding_both_442,https://www.liederenbank.nl/liedpresentatie.php?zoek=121863&lan=en
young_wedding_both_443,https://www.liederenbank.nl/liedpresentatie.php?zoek=121865&lan=en
young_wedding_both_444,https://www.liederenbank.nl/liedpresentatie.php?zoek=121866&lan=en
young_wedding_both_445,https://www.liederenbank.nl/liedpresentatie.php?zoek=121869&lan=en
young_wedding_both_446,https://www.liederenbank.nl/liedpresentatie.php?zoek=121870&lan=en
young_wedding_both_447,https://www.liederenbank.nl/liedpresentatie.php?zoek=121871&lan=en
young_wedding_both_448,https://www.liederenbank.nl/liedpresentatie.php?zoek=121872&lan=en
young_wedding_both_449,https://www.liederenbank.nl/liedpresentatie.php?zoek=121873&lan=en
young_wedding_both_450,https://www.liederenbank.nl/liedpresentatie.php?zoek=122835&lan=en
young_wedding_both_451,https://www.liederenbank.nl/liedpresentatie.php?zoek=122839&lan=en
young_wedding_both_452,https://www.liederenbank.nl/liedpresentatie.php?zoek=122842&lan=en
young_wedding_both_454,https://www.liederenbank.nl/liedpresentatie.php?zoek=122848&lan=en
young_wedding_both_455,https://www.liederenbank.nl/liedpresentatie.php?zoek=122861&lan=en
young_wedding_both_456,https://www.liederenbank.nl/liedpresentatie.php?zoek=122862&lan=en
young_wedding_both_457,https://www.liederenbank.nl/liedpresentatie.php?zoek=122865&lan=en
young_wedding_both_458,https://www.liederenbank.nl/liedpresentatie.php?zoek=122868&lan=en
young_wedding_both_459,https://www.liederenbank.nl/liedpresentatie.php?zoek=122871&lan=en
young_wedding_both_461,https://www.liederenbank.nl/liedpresentatie.php?zoek=122883&lan=en
young_wedding_both_462,https://www.liederenbank.nl/liedpresentatie.php?zoek=122931&lan=en
young_wedding_both_463,https://www.liederenbank.nl/liedpresentatie.php?zoek=122932&lan=en
young_wedding_both_464,https://www.liederenbank.nl/liedpresentatie.php?zoek=122933&lan=en
young_wedding_both_465,https://www.liederenbank.nl/liedpresentatie.php?zoek=122935&lan=en
young_wedding_both_466,https://www.liederenbank.nl/liedpresentatie.php?zoek=122936&lan=en
young_wedding_both_467,https://www.liederenbank.nl/liedpresentatie.php?zoek=122937&lan=en
young_wedding_both_468,https://www.liederenbank.nl/liedpresentatie.php?zoek=122938&lan=en
young_wedding_both_469,https://www.liederenbank.nl/liedpresentatie.php?zoek=122939&lan=en
young_wedding_both_471,https://www.liederenbank.nl/liedpresentatie.php?zoek=122941&lan=en
young_wedding_both_472,https://www.liederenbank.nl/liedpresentatie.php?zoek=122942&lan=en
young_wedding_both_474,https://www.liederenbank.nl/liedpresentatie.php?zoek=122944&lan=en
young_wedding_both_475,https://www.liederenbank.nl/liedpresentatie.php?zoek=122945&lan=en
young_wedding_both_476,https://www.liederenbank.nl/liedpresentatie.php?zoek=122946&lan=en
young_wedding_both_477,https://www.liederenbank.nl/liedpresentatie.php?zoek=122947&lan=en
young_wedding_both_478,https://www.liederenbank.nl/liedpresentatie.php?zoek=122948&lan=en
young_wedding_both_479,https://www.liederenbank.nl/liedpresentatie.php?zoek=122949&lan=en
young_wedding_both_480,https://www.liederenbank.nl/liedpresentatie.php?zoek=122950&lan=en
young_wedding_both_481,https://www.liederenbank.nl/liedpresentatie.php?zoek=122951&lan=en
young_wedding_both_482,https://www.liederenbank.nl/liedpresentatie.php?zoek=122952&lan=en
young_wedding_both_483,https://www.liederenbank.nl/liedpresentatie.php?zoek=122953&lan=en
young_wedding_both_484,https://www.liederenbank.nl/liedpresentatie.php?zoek=122956&lan=en
young_wedding_both_485,https://www.liederenbank.nl/liedpresentatie.php?zoek=122960&lan=en
young_wedding_both_486,https://www.liederenbank.nl/liedpresentatie.php?zoek=122965&lan=en
young_wedding_both_487,https://www.liederenbank.nl/liedpresentatie.php?zoek=142353&lan=en
young_wedding_both_488,https://www.liederenbank.nl/liedpresentatie.php?zoek=140826&lan=en
young_wedding_both_489,https://www.liederenbank.nl/liedpresentatie.php?zoek=124272&lan=en
young_wedding_both_490,https://www.liederenbank.nl/liedpresentatie.php?zoek=136730&lan=en
young_wedding_both_491,https://www.liederenbank.nl/liedpresentatie.php?zoek=137301&lan=en
young_wedding_both_492,https://www.liederenbank.nl/liedpresentatie.php?zoek=136733&lan=en
young_wedding_both_493,https://www.liederenbank.nl/liedpresentatie.php?zoek=136749&lan=en
young_wedding_both_494,https://www.liederenbank.nl/liedpresentatie.php?zoek=136775&lan=en
young_wedding_both_495,https://www.liederenbank.nl/liedpresentatie.php?zoek=179128&lan=en
young_wedding_both_496,https://www.liederenbank.nl/liedpresentatie.php?zoek=7333&lan=en
young_wedding_both_497,https://www.liederenbank.nl/liedpresentatie.php?zoek=7390&lan=en
young_wedding_both_498,https://www.liederenbank.nl/liedpresentatie.php?zoek=7405&lan=en
young_wedding_both_499,https://www.liederenbank.nl/liedpresentatie.php?zoek=7411&lan=en
young_wedding_both_500,https://www.liederenbank.nl/liedpresentatie.php?zoek=127015&lan=en
young_wedding_both_501,https://www.liederenbank.nl/liedpresentatie.php?zoek=5198&lan=en
young_wedding_both_502,https://www.liederenbank.nl/liedpresentatie.php?zoek=5269&lan=en
