item_id,translation
KO_25,"1. And I always, whenever my little head aches, and I always, whenever my head hurts? My little head aches, my darling forgets, and I always, whenever my head hurts?  
2. But I surely will not fall ill for you, but I surely will not suffer for you. I will not fall ill if I don’t get you, girl, but I surely will not suffer for you."
KO_26,"2. A pity of the journey I walked, a pity of a single step, my golden Nanynka, dear little dove, a pity of youth.  
3. If there were in the beautiful sky as many beautiful stars as my dear, charming girl, gave me kisses.  
4. If there were in the whole world as many beautiful monasteries as my dear, charming girl, gave me lodgings."
KO_27,"2. Our landlord told me that I am poor, that your father will not give you to me as a husband. You were courting once, I didn't know about it until my friend hinted it to me.  
3. She came to me and said: Dear Mařenka, I will tell you a piece of news I saw. Your beloved is unfaithful to you, he was courting another. If I were you, I would return his golden ring.  
4. That ring you gave me, I will not wear it, I will throw it into the water and swim after it. As cold as the water is, so is our love disappointed; another girl can love you."
KO_28,"2. Six fellows were standing, among them my Pepíček, who took away my green wreath.  
3. It wasn’t, my darling, it wasn’t because of you, when you used to come to our room at night.  
4. At night to the room, that was at one o’clock, wait until I tell you this one news.  
5. Little lacer, my skirts are getting shorter, what will my dear mother probably say about that?  
6. My dear mother, my friends, that my black dresses are getting shorter.  
7. She went to the little grove, sat on the grass, called out in a sad voice: Come, my darling!  
8. To this call, the darling came to her: Why do you cry and lament, my delight?  
9. How could I not cry and lament to myself, when I can no longer tie my skirts?  
10. He took his hat off his head, tore off the ribbon from it, here, my delight, set your skirt!  
11. I will set my skirt, but I will still be sad, I will never go to the grove again until death."
KO_505,"Planes were flying over their heads."
KO_506,"Helicopters were flying over their heads. Aircraft machines all around."
KO_507,"Airplanes were moving around them, pilots rushing, engines on full."
